product_id,change_date,price_from,price_to
20791,2023-02-22,6.99,7.99
50891,2023-02-09,6.99,7.99
147024,2023-02-01,4.99,5.99
151323,2023-02-27,9.99,4.99
169124,2023-02-01,20,15.99
219405,2023-02-26,6.99,5.99
230626,2023-02-04,4.99,3.99
255109,2023-02-10,6.99,5.99
267629,2023-02-01,12.99,10.99
